{
    "rmse": 0.8052862323806351,
    "mae": 0.6583267509766019,
    "r2": 0.007681558231172891
}